{
  "params": {
    "dataset": "random-match-keyword-100-angular-filters",
    "experiment": "qdrant-m-64-ef-512",
    "engine": "qdrant",
    "parallel": 100,
    "config": {
      "hnsw_ef": 64
    }
  },
  "results": {
    "total_time": 4.572214938998513,
    "mean_time": 0.03678350200348505,
    "mean_precisions": 1.0,
    "std_time": 0.011494861416232635,
    "min_time": 0.002927647998149041,
    "max_time": 0.10074108999833697,
    "rps": 2187.123775548132,
    "p95_time": 0.054137777548748996,
    "p99_time": 0.06528045313185432
  }
}