{
  "params": {
    "dataset": "random-match-keyword-100-angular-filters",
    "experiment": "qdrant-m-64-ef-512",
    "engine": "qdrant",
    "parallel": 100,
    "config": {
      "hnsw_ef": 512
    }
  },
  "results": {
    "total_time": 4.6105881729963585,
    "mean_time": 0.0358293384274235,
    "mean_precisions": 1.0,
    "std_time": 0.012694834924028996,
    "min_time": 0.0020673340040957555,
    "max_time": 0.11837885499699041,
    "rps": 2168.9206723273956,
    "p95_time": 0.05471525024768197,
    "p99_time": 0.06880459855994563
  }
}