{
  "params": {
    "dataset": "random-100-euclidean",
    "experiment": "qdrant-m-32-ef-256",
    "engine": "qdrant",
    "parallel": 100,
    "config": {
      "hnsw_ef": 128
    }
  },
  "results": {
    "total_time": 0.09730369399994743,
    "mean_time": 0.009316053999987162,
    "mean_precisions": 1.0,
    "std_time": 0.0027042955596136516,
    "min_time": 0.0058276539998587396,
    "max_time": 0.014497741000013775,
    "rps": 102.7710212112338,
    "p95_time": 0.013499690499963888,
    "p99_time": 0.014298130900003798
  }
}