{
  "params": {
    "dataset": "glove-25-angular",
    "experiment": "qdrant-m-16-ef-128",
    "engine": "qdrant",
    "parallel": 1,
    "config": {
      "hnsw_ef": 64
    }
  },
  "results": {
    "total_time": 119.85986694500025,
    "mean_time": 0.011817373377692274,
    "mean_precisions": 0.9999959999999999,
    "std_time": 0.0038940092048974197,
    "min_time": 0.006026898998243269,
    "max_time": 0.059653372001776006,
    "rps": 83.43076172935075,
    "p95_time": 0.014305741054704411,
    "p99_time": 0.01529526454585721
  }
}