{
  "params": {
    "dataset": "glove-25-angular",
    "experiment": "qdrant-m-16-ef-128",
    "engine": "qdrant",
    "parallel": 100,
    "config": {
      "hnsw_ef": 64
    }
  },
  "results": {
    "total_time": 37.884306435000326,
    "mean_time": 0.37537294706249374,
    "mean_precisions": 0.9999959999999999,
    "std_time": 0.020208665735835584,
    "min_time": 0.043786097994598094,
    "max_time": 0.4952173829951789,
    "rps": 263.9615434733486,
    "p95_time": 0.391940299597627,
    "p99_time": 0.41931621867894137
  }
}