{
  "params": {
    "dataset": "glove-25-angular",
    "experiment": "qdrant-m-16-ef-128",
    "engine": "qdrant",
    "parallel": 100,
    "config": {
      "hnsw_ef": 256
    }
  },
  "results": {
    "total_time": 40.719497493002564,
    "mean_time": 0.4025932349936913,
    "mean_precisions": 0.9999950000000001,
    "std_time": 0.03213655942854119,
    "min_time": 0.03543319200252881,
    "max_time": 0.5084757500007981,
    "rps": 245.5825984030979,
    "p95_time": 0.44632442584479576,
    "p99_time": 0.4793207040488779
  }
}