{
  "params": {
    "dataset": "random-100-euclidean",
    "experiment": "qdrant-m-32-ef-128",
    "engine": "qdrant",
    "parallel": 1,
    "config": {
      "hnsw_ef": 64
    }
  },
  "results": {
    "total_time": 0.015157628999986628,
    "mean_time": 0.001382988299974386,
    "mean_precisions": 1.0,
    "std_time": 0.0010144736630653196,
    "min_time": 0.0009332120000635769,
    "max_time": 0.004410810000081256,
    "rps": 659.7337881807783,
    "p95_time": 0.0030036136500825672,
    "p99_time": 0.004129370730081519
  }
}