{
  "params": {
    "dataset": "random-100-euclidean",
    "experiment": "qdrant-m-32-ef-128",
    "engine": "qdrant",
    "parallel": 100,
    "config": {
      "hnsw_ef": 512
    }
  },
  "results": {
    "total_time": 0.09170522199997322,
    "mean_time": 0.013847767100014608,
    "mean_precisions": 1.0,
    "std_time": 0.0011870560744596443,
    "min_time": 0.012285717000168006,
    "max_time": 0.016303587000038533,
    "rps": 109.04504434876043,
    "p95_time": 0.01576548735002916,
    "p99_time": 0.01619596707003666
  }
}