{
  "params": {
    "dataset": "glove-25-angular",
    "experiment": "qdrant-m-32-ef-512",
    "engine": "qdrant",
    "parallel": 1,
    "config": {
      "hnsw_ef": 64
    }
  },
  "results": {
    "total_time": 118.12155877500481,
    "mean_time": 0.011649626858429837,
    "mean_precisions": 0.9999959999999999,
    "std_time": 0.003583771229874642,
    "min_time": 0.005928752005274873,
    "max_time": 0.06027255899971351,
    "rps": 84.65855093436217,
    "p95_time": 0.01442716860146902,
    "p99_time": 0.015251959579691176
  }
}