{
  "params": {
    "dataset": "glove-25-angular",
    "experiment": "qdrant-m-32-ef-512",
    "engine": "qdrant",
    "parallel": 1,
    "config": {
      "hnsw_ef": 128
    }
  },
  "results": {
    "total_time": 121.08590636200097,
    "mean_time": 0.011942990645291139,
    "mean_precisions": 0.9999969999999999,
    "std_time": 0.003811276174383384,
    "min_time": 0.006097404999309219,
    "max_time": 0.058710773002530914,
    "rps": 82.58599452609943,
    "p95_time": 0.014690556648929485,
    "p99_time": 0.015670364016259555
  }
}