{
  "params": {
    "dataset": "glove-25-angular",
    "experiment": "qdrant-m-32-ef-512",
    "engine": "qdrant",
    "parallel": 100,
    "config": {
      "hnsw_ef": 256
    }
  },
  "results": {
    "total_time": 40.03211497399752,
    "mean_time": 0.3955171891524842,
    "mean_precisions": 0.9999969999999999,
    "std_time": 0.029684210986842853,
    "min_time": 0.02950234599848045,
    "max_time": 0.4953036520018941,
    "rps": 249.79944243504008,
    "p95_time": 0.4331453541981318,
    "p99_time": 0.453268254812283
  }
}