{
  "params": {
    "dataset": "glove-25-angular",
    "experiment": "qdrant-m-64-ef-512",
    "engine": "qdrant",
    "parallel": 100,
    "config": {
      "hnsw_ef": 256
    }
  },
  "results": {
    "total_time": 39.91880779699568,
    "mean_time": 0.3942948274970724,
    "mean_precisions": 0.999994,
    "std_time": 0.0290288080579687,
    "min_time": 0.035508513006789144,
    "max_time": 0.488462184999662,
    "rps": 250.50848339094455,
    "p95_time": 0.43173678619968997,
    "p99_time": 0.4467727916801232
  }
}