{
  "params": {
    "dataset": "glove-25-angular",
    "experiment": "qdrant-m-64-ef-512",
    "engine": "qdrant",
    "parallel": 100,
    "config": {
      "hnsw_ef": 512
    }
  },
  "results": {
    "total_time": 39.836982959001034,
    "mean_time": 0.39344732379254854,
    "mean_precisions": 0.999994,
    "std_time": 0.030819699906126125,
    "min_time": 0.030307920002087485,
    "max_time": 0.5112121409983956,
    "rps": 251.02302577209937,
    "p95_time": 0.429507960700721,
    "p99_time": 0.4638797598287785
  }
}