{
  "params": {
    "dataset": "glove-25-angular",
    "experiment": "qdrant-m-64-ef-512",
    "engine": "qdrant",
    "parallel": 1,
    "config": {
      "hnsw_ef": 512
    }
  },
  "results": {
    "total_time": 119.22354309699585,
    "mean_time": 0.011758588165471156,
    "mean_precisions": 0.999994,
    "std_time": 0.003659312982275378,
    "min_time": 0.005874049995327368,
    "max_time": 0.060767025002860464,
    "rps": 83.87605115765072,
    "p95_time": 0.014512621151516214,
    "p99_time": 0.015423046692594653
  }
}