{
  "params": {
    "dataset": "glove-25-angular",
    "experiment": "qdrant-m-64-ef-512",
    "engine": "qdrant",
    "parallel": 100,
    "config": {
      "hnsw_ef": 128
    }
  },
  "results": {
    "total_time": 39.853231724999205,
    "mean_time": 0.3935800827162981,
    "mean_precisions": 0.999994,
    "std_time": 0.030451874375113347,
    "min_time": 0.033823935002146754,
    "max_time": 0.5103165399996215,
    "rps": 250.92067988371397,
    "p95_time": 0.4299100599000667,
    "p99_time": 0.4509269848959957
  }
}