{
  "params": {
    "dataset": "laion-small-clip",
    "experiment": "qdrant-m-64-ef-512",
    "engine": "qdrant",
    "parallel": 1,
    "config": {
      "hnsw_ef": 128
    }
  },
  "results": {
    "total_time": 45.971015643997816,
    "mean_time": 0.008812914039565658,
    "mean_precisions": 0.99536,
    "std_time": 0.0036119778531321003,
    "min_time": 0.003318965005746577,
    "max_time": 0.055830814999353606,
    "rps": 108.76418390927638,
    "p95_time": 0.011802913852807252,
    "p99_time": 0.013268987419432965
  }
}