{
  "params": {
    "dataset": "laion-small-clip",
    "experiment": "qdrant-m-64-ef-512",
    "engine": "qdrant",
    "parallel": 1,
    "config": {
      "hnsw_ef": 64
    }
  },
  "results": {
    "total_time": 41.53072441399854,
    "mean_time": 0.00793701628085546,
    "mean_precisions": 0.9926200000000001,
    "std_time": 0.0033551162744519165,
    "min_time": 0.0031511979977949522,
    "max_time": 0.05513668699859409,
    "rps": 120.39279522691582,
    "p95_time": 0.011217561102239416,
    "p99_time": 0.012850673544962776
  }
}