{
  "params": {
    "dataset": "laion-small-clip",
    "experiment": "qdrant-m-64-ef-512",
    "engine": "qdrant",
    "parallel": 100,
    "config": {
      "hnsw_ef": 256
    }
  },
  "results": {
    "total_time": 12.313445359002799,
    "mean_time": 0.23709954317802476,
    "mean_precisions": 0.99626,
    "std_time": 0.025965989098940552,
    "min_time": 0.03672597400145605,
    "max_time": 0.3205891949983197,
    "rps": 406.06019308351597,
    "p95_time": 0.26258804675198916,
    "p99_time": 0.2712848085998849
  }
}