{
  "params": {
    "dataset": "random-match-keyword-100-angular-filters",
    "experiment": "qdrant-m-32-ef-512",
    "engine": "qdrant",
    "parallel": 1,
    "config": {
      "hnsw_ef": 256
    }
  },
  "results": {
    "total_time": 40.55010000299808,
    "mean_time": 0.003890787509199436,
    "mean_precisions": 1.0,
    "std_time": 0.0024290691816176626,
    "min_time": 0.0010317319975001737,
    "max_time": 0.05262363299698336,
    "rps": 246.60851636027158,
    "p95_time": 0.005845653202050016,
    "p99_time": 0.0065188414916337945
  }
}