{
  "params": {
    "dataset": "random-match-keyword-100-angular-filters",
    "experiment": "qdrant-m-32-ef-512",
    "engine": "qdrant",
    "parallel": 1,
    "config": {
      "hnsw_ef": 64
    }
  },
  "results": {
    "total_time": 41.35581644099875,
    "mean_time": 0.003967153050300112,
    "mean_precisions": 1.0,
    "std_time": 0.0024026640032752183,
    "min_time": 0.0010692840005503967,
    "max_time": 0.05248979300085921,
    "rps": 241.80395553952454,
    "p95_time": 0.0060279962504864665,
    "p99_time": 0.006839382641992416
  }
}