{
  "params": {
    "dataset": "gist-960-angular",
    "experiment": "qdrant-m-32-ef-512",
    "engine": "qdrant",
    "parallel": 1,
    "config": {
      "hnsw_ef": 64
    }
  },
  "results": {
    "total_time": 84.73457749999989,
    "mean_time": 0.08437053309999579,
    "mean_precisions": 0.00217,
    "std_time": 0.004364993731545793,
    "min_time": 0.08027999999990243,
    "max_time": 0.18236630000001242,
    "rps": 11.801557634485182,
    "p95_time": 0.08759956000010334,
    "p99_time": 0.10332847799995079
  }
}