{
  "params": {
    "dataset": "gist-960-angular",
    "experiment": "qdrant-m-32-ef-512",
    "engine": "qdrant",
    "parallel": 100,
    "config": {
      "hnsw_ef": 512
    }
  },
  "results": {
    "total_time": 76.1020681,
    "mean_time": 0.6059671441000014,
    "mean_precisions": 0.0021799999999999996,
    "std_time": 0.02810804375915162,
    "min_time": 0.2258256000000074,
    "max_time": 0.7011658000001262,
    "rps": 13.140247367337972,
    "p95_time": 0.6330297999999175,
    "p99_time": 0.6561030680000975
  }
}