{
  "params": {
    "dataset": "random-100-euclidean",
    "experiment": "qdrant-m-64-ef-512",
    "engine": "qdrant",
    "parallel": 1,
    "config": {
      "hnsw_ef": 128
    }
  },
  "results": {
    "total_time": 0.01479142099992714,
    "mean_time": 0.0013279341999805183,
    "mean_precisions": 1.0,
    "std_time": 0.0005898864153685293,
    "min_time": 0.0009858880000592762,
    "max_time": 0.0030485639999824343,
    "rps": 676.0675664663495,
    "p95_time": 0.0023150171999759533,
    "p99_time": 0.0029018546399811385
  }
}