{
  "params": {
    "dataset": "random-100-euclidean",
    "experiment": "qdrant-m-64-ef-512",
    "engine": "qdrant",
    "parallel": 100,
    "config": {
      "hnsw_ef": 64
    }
  },
  "results": {
    "total_time": 0.09154987300007633,
    "mean_time": 0.016162302700013242,
    "mean_precisions": 1.0,
    "std_time": 0.00218634112496805,
    "min_time": 0.011647504000166009,
    "max_time": 0.01944401699984155,
    "rps": 109.23008052661812,
    "p95_time": 0.01919155574993283,
    "p99_time": 0.01939352474985981
  }
}