{
  "params": {
    "dataset": "random-100-euclidean",
    "experiment": "qdrant-m-64-ef-512",
    "engine": "qdrant",
    "parallel": 1,
    "config": {
      "hnsw_ef": 512
    }
  },
  "results": {
    "total_time": 0.014256906000127856,
    "mean_time": 0.0012902108000162117,
    "mean_precisions": 1.0,
    "std_time": 0.0005946299386394151,
    "min_time": 0.0008271839999451913,
    "max_time": 0.002672389000053954,
    "rps": 701.4144583621663,
    "p95_time": 0.0024649992999911767,
    "p99_time": 0.0026309110600413986
  }
}