{
  "params": {
    "dataset": "glove-25-angular",
    "experiment": "qdrant-m-32-ef-512",
    "engine": "qdrant",
    "parallel": 100,
    "config": {
      "hnsw_ef": 128
    }
  },
  "results": {
    "total_time": 39.840368044999195,
    "mean_time": 0.39379889281140934,
    "mean_precisions": 0.9999969999999999,
    "std_time": 0.027845145893757053,
    "min_time": 0.029990461000124924,
    "max_time": 0.4785004509976716,
    "rps": 251.00169729117778,
    "p95_time": 0.42756376415200065,
    "p99_time": 0.4387567274556933
  }
}