{
  "params": {
    "dataset": "glove-25-angular",
    "experiment": "qdrant-m-32-ef-512",
    "engine": "qdrant",
    "parallel": 1,
    "config": {
      "hnsw_ef": 512
    }
  },
  "results": {
    "total_time": 120.21308034100366,
    "mean_time": 0.01185893608671031,
    "mean_precisions": 0.9999969999999999,
    "std_time": 0.0036993507434377204,
    "min_time": 0.006004508999467362,
    "max_time": 0.059676706994650885,
    "rps": 83.18562315875609,
    "p95_time": 0.014645618247959647,
    "p99_time": 0.015528448607947212
  }
}