{
  "params": {
    "dataset": "glove-25-angular",
    "experiment": "qdrant-m-32-ef-128",
    "engine": "qdrant",
    "parallel": 1,
    "config": {
      "hnsw_ef": 64
    }
  },
  "results": {
    "total_time": 117.11109537200537,
    "mean_time": 0.01154797210750112,
    "mean_precisions": 0.9999959999999999,
    "std_time": 0.0037522492074953647,
    "min_time": 0.005848413995408919,
    "max_time": 0.05864650500006974,
    "rps": 85.38900578322516,
    "p95_time": 0.014308454795900614,
    "p99_time": 0.015344545290645328
  }
}