{
  "params": {
    "dataset": "glove-25-angular",
    "experiment": "qdrant-m-32-ef-128",
    "engine": "qdrant",
    "parallel": 1,
    "config": {
      "hnsw_ef": 256
    }
  },
  "results": {
    "total_time": 119.69297807999828,
    "mean_time": 0.011806345853258245,
    "mean_precisions": 0.999999,
    "std_time": 0.0036709372921284135,
    "min_time": 0.005933239001024049,
    "max_time": 0.058513575000688434,
    "rps": 83.54708989959609,
    "p95_time": 0.014627237152672022,
    "p99_time": 0.015557730836007977
  }
}