{
  "params": {
    "dataset": "random-match-keyword-100-angular-filters",
    "experiment": "qdrant-m-64-ef-256",
    "engine": "qdrant",
    "parallel": 1,
    "config": {
      "hnsw_ef": 128
    }
  },
  "results": {
    "total_time": 43.33567160099483,
    "mean_time": 0.004159835859625309,
    "mean_precisions": 1.0,
    "std_time": 0.002198869078784022,
    "min_time": 0.0011714700012817048,
    "max_time": 0.05326457000046503,
    "rps": 230.7567791281314,
    "p95_time": 0.0064988829952199005,
    "p99_time": 0.007417397106983118
  }
}