{
  "params": {
    "dataset": "random-match-keyword-100-angular-filters",
    "experiment": "qdrant-m-16-ef-128",
    "engine": "qdrant",
    "parallel": 1,
    "config": {
      "hnsw_ef": 512
    }
  },
  "results": {
    "total_time": 42.14406040999893,
    "mean_time": 0.004044803958433476,
    "mean_precisions": 1.0,
    "std_time": 0.0025152868378341938,
    "min_time": 0.001087774995539803,
    "max_time": 0.05343113600247307,
    "rps": 237.281360711685,
    "p95_time": 0.0063064228539587925,
    "p99_time": 0.00731973593537987
  }
}