{
  "params": {
    "dataset": "random-match-keyword-100-angular-filters",
    "experiment": "qdrant-m-16-ef-128",
    "engine": "qdrant",
    "parallel": 1,
    "config": {
      "hnsw_ef": 64
    }
  },
  "results": {
    "total_time": 40.25646832300117,
    "mean_time": 0.0038579422061833612,
    "mean_precisions": 1.0,
    "std_time": 0.002352722609475668,
    "min_time": 0.0010102230007760227,
    "max_time": 0.052146825997624546,
    "rps": 248.40728500483837,
    "p95_time": 0.00576055319943407,
    "p99_time": 0.006516616423832603
  }
}