{
  "params": {
    "dataset": "random-match-keyword-100-angular-filters",
    "experiment": "qdrant-m-16-ef-128",
    "engine": "qdrant",
    "parallel": 100,
    "config": {
      "hnsw_ef": 64
    }
  },
  "results": {
    "total_time": 4.724878015003924,
    "mean_time": 0.03888634580994767,
    "mean_precisions": 1.0,
    "std_time": 0.014974384338335683,
    "min_time": 0.0028228509982000105,
    "max_time": 0.1303119539952604,
    "rps": 2116.456756818873,
    "p95_time": 0.06198589915220509,
    "p99_time": 0.07860209136924826
  }
}