{
  "params": {
    "dataset": "random-match-keyword-100-angular-filters",
    "experiment": "qdrant-m-16-ef-128",
    "engine": "qdrant",
    "parallel": 100,
    "config": {
      "hnsw_ef": 128
    }
  },
  "results": {
    "total_time": 4.947520109999459,
    "mean_time": 0.040321329918020635,
    "mean_precisions": 1.0,
    "std_time": 0.014874138360961747,
    "min_time": 0.0033007980018737726,
    "max_time": 0.13408807100495324,
    "rps": 2021.2146242294086,
    "p95_time": 0.06530190709891029,
    "p99_time": 0.08258507613820258
  }
}