{
  "params": {
    "dataset": "glove-25-angular",
    "experiment": "qdrant-m-64-ef-256",
    "engine": "qdrant",
    "parallel": 100,
    "config": {
      "hnsw_ef": 512
    }
  },
  "results": {
    "total_time": 40.028033462003805,
    "mean_time": 0.39557995308970056,
    "mean_precisions": 0.9999979999999999,
    "std_time": 0.028795094034935367,
    "min_time": 0.036429249004868325,
    "max_time": 0.5065102980006486,
    "rps": 249.82491356944618,
    "p95_time": 0.43267830370568844,
    "p99_time": 0.4655450124084747
  }
}