{
  "params": {
    "dataset": "glove-25-angular",
    "experiment": "qdrant-m-64-ef-256",
    "engine": "qdrant",
    "parallel": 100,
    "config": {
      "hnsw_ef": 64
    }
  },
  "results": {
    "total_time": 41.72005511700263,
    "mean_time": 0.41354067531818073,
    "mean_precisions": 0.9999959999999999,
    "std_time": 0.03409377460621544,
    "min_time": 0.03631590800068807,
    "max_time": 0.5543174100021133,
    "rps": 239.69287605098563,
    "p95_time": 0.46748069359891814,
    "p99_time": 0.5176750052497665
  }
}