{
  "params": {
    "dataset": "glove-25-angular",
    "experiment": "qdrant-m-64-ef-256",
    "engine": "qdrant",
    "parallel": 100,
    "config": {
      "hnsw_ef": 128
    }
  },
  "results": {
    "total_time": 41.52883655500045,
    "mean_time": 0.41078215262950907,
    "mean_precisions": 0.9999979999999999,
    "std_time": 0.030412650480164796,
    "min_time": 0.026833096002519596,
    "max_time": 0.5267271400007303,
    "rps": 240.7965363237682,
    "p95_time": 0.44706366700156647,
    "p99_time": 0.46714063114275634
  }
}