{
  "params": {
    "dataset": "glove-25-angular",
    "experiment": "qdrant-m-64-ef-256",
    "engine": "qdrant",
    "parallel": 1,
    "config": {
      "hnsw_ef": 512
    }
  },
  "results": {
    "total_time": 114.35718679999991,
    "mean_time": 0.011278257360815041,
    "mean_precisions": 0.9999979999999999,
    "std_time": 0.004034277435332827,
    "min_time": 0.006013828002323862,
    "max_time": 0.05862200999399647,
    "rps": 87.44531305661681,
    "p95_time": 0.014458588100751511,
    "p99_time": 0.015518753305950667
  }
}