{
  "params": {
    "dataset": "glove-25-angular",
    "experiment": "qdrant-m-64-ef-256",
    "engine": "qdrant",
    "parallel": 1,
    "config": {
      "hnsw_ef": 64
    }
  },
  "results": {
    "total_time": 116.40699307400064,
    "mean_time": 0.01147788637858248,
    "mean_precisions": 0.9999959999999999,
    "std_time": 0.003681487319188507,
    "min_time": 0.0059664250002242625,
    "max_time": 0.05932238300010795,
    "rps": 85.90549189465739,
    "p95_time": 0.014332119997561676,
    "p99_time": 0.015258643792840308
  }
}