{
  "params": {
    "dataset": "random-100-euclidean",
    "experiment": "qdrant-m-64-ef-512",
    "engine": "qdrant",
    "parallel": 100,
    "config": {
      "hnsw_ef": 512
    }
  },
  "results": {
    "total_time": 0.10653541000010591,
    "mean_time": 0.011526481800001421,
    "mean_precisions": 1.0,
    "std_time": 0.002492272847741047,
    "min_time": 0.0045921620001081465,
    "max_time": 0.0138996099999531,
    "rps": 93.86550443641282,
    "p95_time": 0.013784798350025084,
    "p99_time": 0.013876647669967497
  }
}