{
  "params": {
    "dataset": "random-100-euclidean",
    "experiment": "qdrant-m-64-ef-512",
    "engine": "qdrant",
    "parallel": 100,
    "config": {
      "hnsw_ef": 256
    }
  },
  "results": {
    "total_time": 0.10105023500000243,
    "mean_time": 0.009407371199995396,
    "mean_precisions": 1.0,
    "std_time": 0.0011548042494478918,
    "min_time": 0.007125301999849398,
    "max_time": 0.011210579999897163,
    "rps": 98.9606802992567,
    "p95_time": 0.010929818699889892,
    "p99_time": 0.011154427739895709
  }
}