{
  "params": {
    "dataset": "random-100-euclidean",
    "experiment": "qdrant-m-32-ef-512",
    "engine": "qdrant",
    "parallel": 100,
    "config": {
      "hnsw_ef": 128
    }
  },
  "results": {
    "total_time": 0.11522965500012106,
    "mean_time": 0.03424362380001185,
    "mean_precisions": 1.0,
    "std_time": 0.003885760718466582,
    "min_time": 0.026833333000013226,
    "max_time": 0.0404769239999041,
    "rps": 86.78321565737131,
    "p95_time": 0.03960924569995541,
    "p99_time": 0.04030338833991436
  }
}