{
  "params": {
    "dataset": "random-100-euclidean",
    "experiment": "qdrant-m-32-ef-512",
    "engine": "qdrant",
    "parallel": 100,
    "config": {
      "hnsw_ef": 64
    }
  },
  "results": {
    "total_time": 0.09325853299992559,
    "mean_time": 0.010113639399969543,
    "mean_precisions": 1.0,
    "std_time": 0.0014237177549987947,
    "min_time": 0.0076258919998508645,
    "max_time": 0.012802131999933408,
    "rps": 107.22879374488959,
    "p95_time": 0.012354665499958627,
    "p99_time": 0.012712638699938453
  }
}