{
  "params": {
    "dataset": "random-100-euclidean",
    "experiment": "qdrant-m-32-ef-512",
    "engine": "qdrant",
    "parallel": 1,
    "config": {
      "hnsw_ef": 128
    }
  },
  "results": {
    "total_time": 0.014109340000004522,
    "mean_time": 0.0012729127000056905,
    "mean_precisions": 1.0,
    "std_time": 0.000575487684196638,
    "min_time": 0.0008720390001144551,
    "max_time": 0.0029293439999946713,
    "rps": 708.7503738655951,
    "p95_time": 0.002216198399923995,
    "p99_time": 0.0027867148799805364
  }
}