{
  "params": {
    "dataset": "random-100-euclidean",
    "experiment": "qdrant-m-32-ef-512",
    "engine": "qdrant",
    "parallel": 1,
    "config": {
      "hnsw_ef": 256
    }
  },
  "results": {
    "total_time": 0.012946051999961128,
    "mean_time": 0.0011696141999891553,
    "mean_precisions": 1.0,
    "std_time": 0.0005803167275692173,
    "min_time": 0.0008104070000172214,
    "max_time": 0.002886026999931346,
    "rps": 772.4362608793806,
    "p95_time": 0.0020833588499499438,
    "p99_time": 0.002725493369935066
  }
}