{
  "params": {
    "dataset": "random-match-keyword-100-angular-filters",
    "experiment": "qdrant-m-16-ef-128",
    "engine": "qdrant",
    "parallel": 100,
    "config": {
      "hnsw_ef": 256
    }
  },
  "results": {
    "total_time": 4.590199885002221,
    "mean_time": 0.03612176800059533,
    "mean_precisions": 1.0,
    "std_time": 0.012961997205828597,
    "min_time": 0.0025077559985220432,
    "max_time": 0.10817544099700172,
    "rps": 2178.5543659380664,
    "p95_time": 0.0563284666997788,
    "p99_time": 0.06748502680144157
  }
}