{
  "params": {
    "dataset": "random-100-euclidean",
    "experiment": "qdrant-m-64-ef-256",
    "engine": "qdrant",
    "parallel": 1,
    "config": {
      "hnsw_ef": 256
    }
  },
  "results": {
    "total_time": 0.015217037999946115,
    "mean_time": 0.001355706900039877,
    "mean_precisions": 1.0,
    "std_time": 0.0007118937456471867,
    "min_time": 0.0009929299999384966,
    "max_time": 0.0034730120000858733,
    "rps": 657.1581144790077,
    "p95_time": 0.0025071468499731943,
    "p99_time": 0.003279838970063338
  }
}