{
  "params": {
    "dataset": "gist-960-angular",
    "experiment": "milvus-m-32-ef-512",
    "engine": "milvus",
    "parallel": 1,
    "config": {
      "ef": 128
    }
  },
  "results": {
    "total_time": 9.733157099995879,
    "mean_time": 0.009465624000207755,
    "mean_precisions": 0.00229,
    "std_time": 0.0034653544333089,
    "min_time": 0.00673090000054799,
    "max_time": 0.10222399998747278,
    "rps": 102.74158628349105,
    "p95_time": 0.011261229992669541,
    "p99_time": 0.013476945008151232
  }
}