{
  "params": {
    "dataset": "gist-960-angular",
    "experiment": "milvus-m-32-ef-512",
    "engine": "milvus",
    "parallel": 1,
    "config": {
      "ef": 256
    }
  },
  "results": {
    "total_time": 10.31099230000109,
    "mean_time": 0.010083597899923916,
    "mean_precisions": 0.00244,
    "std_time": 0.0012993667081002043,
    "min_time": 0.007398000001558103,
    "max_time": 0.03072490000340622,
    "rps": 96.98387612993314,
    "p95_time": 0.012184200002229771,
    "p99_time": 0.013626070000027538
  }
}