{
  "params": {
    "dataset": "gist-960-angular",
    "experiment": "milvus-m-32-ef-512",
    "engine": "milvus",
    "parallel": 1,
    "config": {
      "ef": 512
    }
  },
  "results": {
    "total_time": 13.161603600005037,
    "mean_time": 0.01292150510000647,
    "mean_precisions": 0.0024699999999999995,
    "std_time": 0.0020731259804733435,
    "min_time": 0.009386999998241663,
    "max_time": 0.03054560000600759,
    "rps": 75.97858364307653,
    "p95_time": 0.01671586501106503,
    "p99_time": 0.01969527999710408
  }
}