{
  "params": {
    "dataset": "random-100-euclidean",
    "experiment": "qdrant-m-32-ef-256",
    "engine": "qdrant",
    "parallel": 100,
    "config": {
      "hnsw_ef": 256
    }
  },
  "results": {
    "total_time": 0.11206452999999783,
    "mean_time": 0.026240501400025096,
    "mean_precisions": 1.0,
    "std_time": 0.0022588600969536445,
    "min_time": 0.022590855000089505,
    "max_time": 0.029514122000136922,
    "rps": 89.23430098712049,
    "p95_time": 0.02939002100011976,
    "p99_time": 0.02948930180013349
  }
}