{
  "params": {
    "dataset": "random-100-euclidean",
    "experiment": "qdrant-m-32-ef-256",
    "engine": "qdrant",
    "parallel": 100,
    "config": {
      "hnsw_ef": 64
    }
  },
  "results": {
    "total_time": 0.09666117400001895,
    "mean_time": 0.011001344899977995,
    "mean_precisions": 1.0,
    "std_time": 0.0021055728066907394,
    "min_time": 0.007995707999953083,
    "max_time": 0.015098305999799777,
    "rps": 103.45415419843793,
    "p95_time": 0.014263059199947746,
    "p99_time": 0.014931256639829372
  }
}