{
  "params": {
    "dataset": "random-match-keyword-100-angular-filters",
    "experiment": "qdrant-m-32-ef-128",
    "engine": "qdrant",
    "parallel": 1,
    "config": {
      "hnsw_ef": 128
    }
  },
  "results": {
    "total_time": 41.41391676499916,
    "mean_time": 0.003975134765169787,
    "mean_precisions": 1.0,
    "std_time": 0.0021134579941452618,
    "min_time": 0.001080974005162716,
    "max_time": 0.05248891199880745,
    "rps": 241.46472444865367,
    "p95_time": 0.006005416301559307,
    "p99_time": 0.006687384515535086
  }
}