{
  "params": {
    "dataset": "random-match-keyword-100-angular-filters",
    "experiment": "qdrant-m-32-ef-128",
    "engine": "qdrant",
    "parallel": 100,
    "config": {
      "hnsw_ef": 128
    }
  },
  "results": {
    "total_time": 4.733430038999359,
    "mean_time": 0.034861892175811225,
    "mean_precisions": 1.0,
    "std_time": 0.013179237746630292,
    "min_time": 0.002827266995154787,
    "max_time": 0.11962122700060718,
    "rps": 2112.632893611751,
    "p95_time": 0.05405465915391686,
    "p99_time": 0.0694630431123369
  }
}