{
  "params": {
    "dataset": "random-match-keyword-100-angular-filters",
    "experiment": "qdrant-m-32-ef-256",
    "engine": "qdrant",
    "parallel": 100,
    "config": {
      "hnsw_ef": 64
    }
  },
  "results": {
    "total_time": 4.405558917002054,
    "mean_time": 0.034523448464983814,
    "mean_precisions": 1.0,
    "std_time": 0.010593114454012278,
    "min_time": 0.0027472310030134395,
    "max_time": 0.0997256029950222,
    "rps": 2269.8595543479682,
    "p95_time": 0.05110214245069072,
    "p99_time": 0.06069844149416895
  }
}