{
  "params": {
    "dataset": "gist-960-angular",
    "experiment": "milvus-m-16-ef-128",
    "engine": "milvus",
    "parallel": 100,
    "config": {
      "ef": 512
    }
  },
  "results": {
    "total_time": 4.908116599995992,
    "mean_time": 0.037645124499991654,
    "mean_precisions": 0.00248,
    "std_time": 0.008968921364135912,
    "min_time": 0.019358600002306048,
    "max_time": 0.0944454000054975,
    "rps": 203.74414087897108,
    "p95_time": 0.05397635999725025,
    "p99_time": 0.06688999299927673
  }
}