{
  "params": {
    "dataset": "gist-960-angular",
    "experiment": "milvus-m-16-ef-128",
    "engine": "milvus",
    "parallel": 100,
    "config": {
      "ef": 256
    }
  },
  "results": {
    "total_time": 3.040917600003013,
    "mean_time": 0.022600678100061486,
    "mean_precisions": 0.00248,
    "std_time": 0.00692029007476691,
    "min_time": 0.011924099999305326,
    "max_time": 0.10760519999894314,
    "rps": 328.8481082154312,
    "p95_time": 0.03429013999775634,
    "p99_time": 0.04377625599903694
  }
}