{
  "params": {
    "dataset": "gist-960-angular",
    "experiment": "milvus-m-16-ef-128",
    "engine": "milvus",
    "parallel": 100,
    "config": {
      "ef": 128
    }
  },
  "results": {
    "total_time": 2.971992999999202,
    "mean_time": 0.021425016500077616,
    "mean_precisions": 0.00251,
    "std_time": 0.011556719422585508,
    "min_time": 0.00897629999963101,
    "max_time": 0.10880919999908656,
    "rps": 336.47454755117815,
    "p95_time": 0.04328637500075274,
    "p99_time": 0.06596219199556796
  }
}