{
  "params": {
    "dataset": "glove-25-angular",
    "experiment": "qdrant-m-64-ef-512",
    "engine": "qdrant",
    "parallel": 1,
    "config": {
      "hnsw_ef": 256
    }
  },
  "results": {
    "total_time": 119.10717791700154,
    "mean_time": 0.011749308383354218,
    "mean_precisions": 0.999994,
    "std_time": 0.0037221349804128726,
    "min_time": 0.006033688005118165,
    "max_time": 0.05997881999792298,
    "rps": 83.95799627599594,
    "p95_time": 0.014486843799022608,
    "p99_time": 0.01546148997775163
  }
}