{
  "params": {
    "dataset": "glove-25-angular",
    "experiment": "qdrant-m-64-ef-512",
    "engine": "qdrant",
    "parallel": 100,
    "config": {
      "hnsw_ef": 64
    }
  },
  "results": {
    "total_time": 38.62252276200161,
    "mean_time": 0.38146176620379046,
    "mean_precisions": 0.9999950000000001,
    "std_time": 0.023191550764992238,
    "min_time": 0.045571164999273606,
    "max_time": 0.4589516940031899,
    "rps": 258.9162821295144,
    "p95_time": 0.4124662827489374,
    "p99_time": 0.4352819563669618
  }
}