{
  "params": {
    "dataset": "glove-25-angular",
    "experiment": "qdrant-m-64-ef-512",
    "engine": "qdrant",
    "parallel": 1,
    "config": {
      "hnsw_ef": 128
    }
  },
  "results": {
    "total_time": 119.63026605199411,
    "mean_time": 0.011800178963500366,
    "mean_precisions": 0.999994,
    "std_time": 0.0037232698174326393,
    "min_time": 0.005965256001218222,
    "max_time": 0.059063657994556706,
    "rps": 83.59088657090979,
    "p95_time": 0.014627916451354394,
    "p99_time": 0.015572773597668859
  }
}