{
  "params": {
    "dataset": "gist-960-angular",
    "experiment": "qdrant-m-16-ef-128",
    "engine": "qdrant",
    "parallel": 100,
    "config": {
      "hnsw_ef": 64
    }
  },
  "results": {
    "total_time": 1.6505337999999483,
    "mean_time": 0.011829361100001962,
    "mean_precisions": 0.0023,
    "std_time": 0.004880875847768563,
    "min_time": 0.006136599999990722,
    "max_time": 0.08348739999996724,
    "rps": 605.864599682861,
    "p95_time": 0.016262035000022466,
    "p99_time": 0.028732608999932824
  }
}