{
  "params": {
    "dataset": "gist-960-angular",
    "experiment": "qdrant-m-16-ef-128",
    "engine": "qdrant",
    "parallel": 1,
    "config": {
      "hnsw_ef": 64
    }
  },
  "results": {
    "total_time": 4.084614400000078,
    "mean_time": 0.003946559800000387,
    "mean_precisions": 0.0023,
    "std_time": 0.0006433209423638905,
    "min_time": 0.003191499999957159,
    "max_time": 0.020116799999982504,
    "rps": 244.82115129398284,
    "p95_time": 0.0046725900000694764,
    "p99_time": 0.00507756000007248
  }
}