{
  "params": {
    "dataset": "gist-960-angular",
    "experiment": "qdrant-m-16-ef-128",
    "engine": "qdrant",
    "parallel": 1,
    "config": {
      "hnsw_ef": 512
    }
  },
  "results": {
    "total_time": 5.102347699999882,
    "mean_time": 0.004981825800001843,
    "mean_precisions": 0.0023200000000000004,
    "std_time": 0.0003584041242442734,
    "min_time": 0.004337700000178302,
    "max_time": 0.009009800000058021,
    "rps": 195.98821146587542,
    "p95_time": 0.0055895650000366,
    "p99_time": 0.006155886999968061
  }
}