{
  "params": {
    "dataset": "laion-small-clip",
    "experiment": "qdrant-m-64-ef-256",
    "engine": "qdrant",
    "parallel": 100,
    "config": {
      "hnsw_ef": 256
    }
  },
  "results": {
    "total_time": 11.534198889006802,
    "mean_time": 0.22038813289380196,
    "mean_precisions": 0.99682,
    "std_time": 0.03066313602879611,
    "min_time": 0.020874754998658318,
    "max_time": 0.28810840999358334,
    "rps": 433.49347866417315,
    "p95_time": 0.2590341330480442,
    "p99_time": 0.2720685893754854
  }
}