{
  "params": {
    "dataset": "laion-small-clip",
    "experiment": "qdrant-m-64-ef-256",
    "engine": "qdrant",
    "parallel": 100,
    "config": {
      "hnsw_ef": 64
    }
  },
  "results": {
    "total_time": 7.141330364996975,
    "mean_time": 0.13024133129925905,
    "mean_precisions": 0.99324,
    "std_time": 0.024210134787556736,
    "min_time": 0.008137354998325463,
    "max_time": 0.19838895899738418,
    "rps": 700.1496562191487,
    "p95_time": 0.15224586369913595,
    "p99_time": 0.1615888953199465
  }
}