{
  "params": {
    "dataset": "laion-small-clip",
    "experiment": "qdrant-m-64-ef-256",
    "engine": "qdrant",
    "parallel": 1,
    "config": {
      "hnsw_ef": 256
    }
  },
  "results": {
    "total_time": 48.21461460499995,
    "mean_time": 0.00924854582476255,
    "mean_precisions": 0.99682,
    "std_time": 0.003530921219376912,
    "min_time": 0.003383566996490117,
    "max_time": 0.05670928000472486,
    "rps": 103.702996300244,
    "p95_time": 0.012424586799897955,
    "p99_time": 0.013828964419881233
  }
}