{
  "params": {
    "dataset": "laion-small-clip",
    "experiment": "qdrant-m-64-ef-256",
    "engine": "qdrant",
    "parallel": 100,
    "config": {
      "hnsw_ef": 512
    }
  },
  "results": {
    "total_time": 15.037320710995118,
    "mean_time": 0.29000421629126066,
    "mean_precisions": 0.9971599999999998,
    "std_time": 0.03221987527931629,
    "min_time": 0.030219287997169886,
    "max_time": 0.39033592499617953,
    "rps": 332.5060425388186,
    "p95_time": 0.3198672764487128,
    "p99_time": 0.3322253083982651
  }
}