{
  "params": {
    "dataset": "laion-small-clip",
    "experiment": "qdrant-m-64-ef-256",
    "engine": "qdrant",
    "parallel": 100,
    "config": {
      "hnsw_ef": 128
    }
  },
  "results": {
    "total_time": 8.900262384006055,
    "mean_time": 0.1668686154182069,
    "mean_precisions": 0.9959,
    "std_time": 0.02602938529710879,
    "min_time": 0.013678632996743545,
    "max_time": 0.25849943299544975,
    "rps": 561.7811907416457,
    "p95_time": 0.18862518194946465,
    "p99_time": 0.20502216557339126
  }
}