{
  "params": {
    "dataset": "random-100-euclidean",
    "experiment": "qdrant-m-32-ef-128",
    "engine": "qdrant",
    "parallel": 1,
    "config": {
      "hnsw_ef": 256
    }
  },
  "results": {
    "total_time": 0.015820105000102558,
    "mean_time": 0.0014553731000205516,
    "mean_precisions": 1.0,
    "std_time": 0.000959076007321806,
    "min_time": 0.00099942000019837,
    "max_time": 0.004315039999937653,
    "rps": 632.107056175365,
    "p95_time": 0.0029673669500198197,
    "p99_time": 0.004045505389954088
  }
}