{
  "params": {
    "dataset": "random-100-euclidean",
    "experiment": "qdrant-m-32-ef-128",
    "engine": "qdrant",
    "parallel": 100,
    "config": {
      "hnsw_ef": 64
    }
  },
  "results": {
    "total_time": 0.11333906899994872,
    "mean_time": 0.030381603100022404,
    "mean_precisions": 1.0,
    "std_time": 0.003371261480922115,
    "min_time": 0.025711787999853186,
    "max_time": 0.03664556400008223,
    "rps": 88.2308288592394,
    "p95_time": 0.03532824074997051,
    "p99_time": 0.03638209935005989
  }
}