{
  "params": {
    "dataset": "glove-25-angular",
    "experiment": "qdrant-m-32-ef-256",
    "engine": "qdrant",
    "parallel": 1,
    "config": {
      "hnsw_ef": 256
    }
  },
  "results": {
    "total_time": 119.7376640690054,
    "mean_time": 0.01181273858610948,
    "mean_precisions": 0.9999969999999999,
    "std_time": 0.0036843727606435156,
    "min_time": 0.005938333997619338,
    "max_time": 0.060272080001595896,
    "rps": 83.51591020046082,
    "p95_time": 0.014643276143760885,
    "p99_time": 0.015529166480409914
  }
}