{
  "params": {
    "dataset": "glove-25-angular",
    "experiment": "qdrant-m-32-ef-256",
    "engine": "qdrant",
    "parallel": 100,
    "config": {
      "hnsw_ef": 128
    }
  },
  "results": {
    "total_time": 39.87142082000355,
    "mean_time": 0.3936903041736361,
    "mean_precisions": 0.9999969999999999,
    "std_time": 0.03063193502561149,
    "min_time": 0.033929853001609445,
    "max_time": 0.4968280729954131,
    "rps": 250.80621142507633,
    "p95_time": 0.4292977289540431,
    "p99_time": 0.4421464665082022
  }
}