{
  "params": {
    "dataset": "glove-25-angular",
    "experiment": "qdrant-m-32-ef-256",
    "engine": "qdrant",
    "parallel": 1,
    "config": {
      "hnsw_ef": 128
    }
  },
  "results": {
    "total_time": 118.78377646599984,
    "mean_time": 0.011717553818188026,
    "mean_precisions": 0.9999969999999999,
    "std_time": 0.0035815011036522317,
    "min_time": 0.006067473004804924,
    "max_time": 0.060202886001206934,
    "rps": 84.18658084054397,
    "p95_time": 0.014540419650802503,
    "p99_time": 0.015416611035179814
  }
}