{
  "params": {
    "dataset": "glove-25-angular",
    "experiment": "qdrant-m-32-ef-256",
    "engine": "qdrant",
    "parallel": 1,
    "config": {
      "hnsw_ef": 64
    }
  },
  "results": {
    "total_time": 118.53166559500096,
    "mean_time": 0.011689935890809284,
    "mean_precisions": 0.9999950000000001,
    "std_time": 0.003757407261398813,
    "min_time": 0.0058895840047625825,
    "max_time": 0.05977675400208682,
    "rps": 84.36564144950096,
    "p95_time": 0.014392413600216968,
    "p99_time": 0.015307902152198951
  }
}