{
  "params": {
    "dataset": "laion-small-clip",
    "experiment": "qdrant-m-32-ef-128",
    "engine": "qdrant",
    "parallel": 100,
    "config": {
      "hnsw_ef": 128
    }
  },
  "results": {
    "total_time": 8.894642724997539,
    "mean_time": 0.16921320164839854,
    "mean_precisions": 0.99636,
    "std_time": 0.01954677950388944,
    "min_time": 0.021043724002083763,
    "max_time": 0.2410862120013917,
    "rps": 562.1361255970384,
    "p95_time": 0.1922076233480766,
    "p99_time": 0.20213470657516155
  }
}