{
  "params": {
    "dataset": "laion-small-clip",
    "experiment": "qdrant-m-32-ef-128",
    "engine": "qdrant",
    "parallel": 100,
    "config": {
      "hnsw_ef": 64
    }
  },
  "results": {
    "total_time": 7.0333317759941565,
    "mean_time": 0.13308720953355951,
    "mean_precisions": 0.9943799999999999,
    "std_time": 0.015405013783459553,
    "min_time": 0.03980473599949619,
    "max_time": 0.21448104600131046,
    "rps": 710.900631343138,
    "p95_time": 0.15419294240018644,
    "p99_time": 0.1696380439256609
  }
}