{
  "params": {
    "dataset": "laion-small-clip",
    "experiment": "qdrant-m-32-ef-128",
    "engine": "qdrant",
    "parallel": 1,
    "config": {
      "hnsw_ef": 64
    }
  },
  "results": {
    "total_time": 40.95142912000301,
    "mean_time": 0.007810032569126634,
    "mean_precisions": 0.9943799999999999,
    "std_time": 0.003526158978260008,
    "min_time": 0.00326935900375247,
    "max_time": 0.05760537600144744,
    "rps": 122.09586105891759,
    "p95_time": 0.011089850554708392,
    "p99_time": 0.012691601061596888
  }
}