{
  "params": {
    "dataset": "laion-small-clip",
    "experiment": "qdrant-m-32-ef-128",
    "engine": "qdrant",
    "parallel": 1,
    "config": {
      "hnsw_ef": 128
    }
  },
  "results": {
    "total_time": 44.144533874001354,
    "mean_time": 0.008444065000195405,
    "mean_precisions": 0.99636,
    "std_time": 0.0031843509036547733,
    "min_time": 0.0031812399975024164,
    "max_time": 0.05658532100642333,
    "rps": 113.26430616010465,
    "p95_time": 0.011498359401957715,
    "p99_time": 0.01266590159284533
  }
}