{
  "params": {
    "dataset": "gist-960-angular",
    "experiment": "qdrant-m-32-ef-256",
    "engine": "qdrant",
    "parallel": 100,
    "config": {
      "hnsw_ef": 64
    }
  },
  "results": {
    "total_time": 1.6858506999999463,
    "mean_time": 0.012349144399999887,
    "mean_precisions": 0.0025099999999999996,
    "std_time": 0.0036278040081246027,
    "min_time": 0.00810019999994438,
    "max_time": 0.06762640000010833,
    "rps": 593.1723372657092,
    "p95_time": 0.015180659999998621,
    "p99_time": 0.030743045000065184
  }
}