{
  "params": {
    "dataset": "gist-960-angular",
    "experiment": "qdrant-m-32-ef-256",
    "engine": "qdrant",
    "parallel": 100,
    "config": {
      "hnsw_ef": 512
    }
  },
  "results": {
    "total_time": 3.069625300000098,
    "mean_time": 0.02355484660000229,
    "mean_precisions": 0.0025,
    "std_time": 0.002884678763949479,
    "min_time": 0.018187800000077914,
    "max_time": 0.07537539999998444,
    "rps": 325.772660265723,
    "p95_time": 0.026173464999874337,
    "p99_time": 0.030468474000056176
  }
}