{
  "params": {
    "dataset": "gist-960-angular",
    "experiment": "qdrant-m-32-ef-256",
    "engine": "qdrant",
    "parallel": 1,
    "config": {
      "hnsw_ef": 512
    }
  },
  "results": {
    "total_time": 6.17308150000008,
    "mean_time": 0.006039760900002193,
    "mean_precisions": 0.0025,
    "std_time": 0.00034399302702776464,
    "min_time": 0.005144199999904231,
    "max_time": 0.009325400000079753,
    "rps": 161.99364936296192,
    "p95_time": 0.006654894999905991,
    "p99_time": 0.00720233300007294
  }
}