{
  "params": {
    "dataset": "gist-960-angular",
    "experiment": "qdrant-m-32-ef-256",
    "engine": "qdrant",
    "parallel": 1,
    "config": {
      "hnsw_ef": 256
    }
  },
  "results": {
    "total_time": 5.542375900000025,
    "mean_time": 0.0054112214000008405,
    "mean_precisions": 0.0025,
    "std_time": 0.00030036539095014533,
    "min_time": 0.004562200000009398,
    "max_time": 0.00849289999996472,
    "rps": 180.42803628674764,
    "p95_time": 0.005892209999990427,
    "p99_time": 0.006328812999961428
  }
}