{
  "params": {
    "dataset": "gist-960-angular",
    "experiment": "qdrant-m-32-ef-256",
    "engine": "qdrant",
    "parallel": 1,
    "config": {
      "hnsw_ef": 128
    }
  },
  "results": {
    "total_time": 4.975809100000106,
    "mean_time": 0.004850275099998044,
    "mean_precisions": 0.0025099999999999996,
    "std_time": 0.0003521324533621129,
    "min_time": 0.004015199999912511,
    "max_time": 0.009923699999944802,
    "rps": 200.9723403576674,
    "p95_time": 0.005291195000017978,
    "p99_time": 0.0056635309999137455
  }
}