{
  "params": {
    "dataset": "random-100-euclidean",
    "experiment": "qdrant-m-64-ef-256",
    "engine": "qdrant",
    "parallel": 100,
    "config": {
      "hnsw_ef": 256
    }
  },
  "results": {
    "total_time": 0.09708382100006929,
    "mean_time": 0.02997710409999854,
    "mean_precisions": 1.0,
    "std_time": 0.0025747825069395956,
    "min_time": 0.023154054000087854,
    "max_time": 0.03291820699996606,
    "rps": 103.00377443933591,
    "p95_time": 0.032497706299977835,
    "p99_time": 0.03283410685996842
  }
}