{
  "params": {
    "dataset": "gist-960-angular",
    "experiment": "qdrant-m-64-ef-256",
    "engine": "qdrant",
    "parallel": 100,
    "config": {
      "hnsw_ef": 512
    }
  },
  "results": {
    "total_time": 4.158659700000499,
    "mean_time": 0.03231357079999998,
    "mean_precisions": 0.0023499999999999997,
    "std_time": 0.002194206948888374,
    "min_time": 0.026782400000229245,
    "max_time": 0.06096919999981765,
    "rps": 240.4620892639713,
    "p95_time": 0.034392165000235765,
    "p99_time": 0.035909628000335946
  }
}