{
  "params": {
    "dataset": "gist-960-angular",
    "experiment": "qdrant-m-64-ef-256",
    "engine": "qdrant",
    "parallel": 100,
    "config": {
      "hnsw_ef": 64
    }
  },
  "results": {
    "total_time": 2.6988178000001426,
    "mean_time": 0.020515263599998435,
    "mean_precisions": 0.0023499999999999997,
    "std_time": 0.00404340985724766,
    "min_time": 0.013843299999280134,
    "max_time": 0.06604109999989305,
    "rps": 370.53260875926753,
    "p95_time": 0.025732649999781643,
    "p99_time": 0.032996003000625926
  }
}