{
  "params": {
    "dataset": "gist-960-angular",
    "experiment": "qdrant-m-64-ef-256",
    "engine": "qdrant",
    "parallel": 1,
    "config": {
      "hnsw_ef": 64
    }
  },
  "results": {
    "total_time": 5.717449599999782,
    "mean_time": 0.00557144670001162,
    "mean_precisions": 0.0023499999999999997,
    "std_time": 0.0005574704675862921,
    "min_time": 0.004383899999993446,
    "max_time": 0.01973420000012993,
    "rps": 174.90315961858906,
    "p95_time": 0.006176374999995459,
    "p99_time": 0.006574727999877723
  }
}