{
  "params": {
    "dataset": "glove-25-angular",
    "experiment": "qdrant-m-32-ef-128",
    "engine": "qdrant",
    "parallel": 100,
    "config": {
      "hnsw_ef": 128
    }
  },
  "results": {
    "total_time": 39.793097879002744,
    "mean_time": 0.39340890714905546,
    "mean_precisions": 0.999999,
    "std_time": 0.026034517456747723,
    "min_time": 0.025464325000939425,
    "max_time": 0.5004413839997142,
    "rps": 251.29986186063206,
    "p95_time": 0.4262750128546031,
    "p99_time": 0.4409578689053888
  }
}