{
  "params": {
    "dataset": "glove-25-angular",
    "experiment": "qdrant-m-32-ef-128",
    "engine": "qdrant",
    "parallel": 100,
    "config": {
      "hnsw_ef": 256
    }
  },
  "results": {
    "total_time": 40.08342910999636,
    "mean_time": 0.39630056737376435,
    "mean_precisions": 0.999999,
    "std_time": 0.02502662355209907,
    "min_time": 0.06805277199600823,
    "max_time": 0.493184551000013,
    "rps": 249.47965336394117,
    "p95_time": 0.43252440020332866,
    "p99_time": 0.44982039677808644
  }
}