{
  "params": {
    "dataset": "glove-25-angular",
    "experiment": "qdrant-m-32-ef-128",
    "engine": "qdrant",
    "parallel": 100,
    "config": {
      "hnsw_ef": 64
    }
  },
  "results": {
    "total_time": 38.48147482400236,
    "mean_time": 0.38110884877925927,
    "mean_precisions": 0.9999959999999999,
    "std_time": 0.02264715065340108,
    "min_time": 0.0377605030007544,
    "max_time": 0.4631978600009461,
    "rps": 259.86530001086703,
    "p95_time": 0.4113012562982476,
    "p99_time": 0.428321386542375
  }
}