{
  "params": {
    "dataset": "gist-960-angular",
    "experiment": "milvus-m-32-ef-128",
    "engine": "milvus",
    "parallel": 1,
    "config": {
      "ef": 128
    }
  },
  "results": {
    "total_time": 10.127699799995753,
    "mean_time": 0.0098746047001041,
    "mean_precisions": 0.00248,
    "std_time": 0.0035697921665176556,
    "min_time": 0.007478899999114219,
    "max_time": 0.1097174000024097,
    "rps": 98.73910362157648,
    "p95_time": 0.01174238000276091,
    "p99_time": 0.013689717999441199
  }
}