{
  "params": {
    "dataset": "gist-960-angular",
    "experiment": "milvus-m-32-ef-128",
    "engine": "milvus",
    "parallel": 100,
    "config": {
      "ef": 512
    }
  },
  "results": {
    "total_time": 10.019336700002896,
    "mean_time": 0.07859492209991004,
    "mean_precisions": 0.0024799999999999996,
    "std_time": 0.015311834420799093,
    "min_time": 0.0364419999968959,
    "max_time": 0.18344059999799356,
    "rps": 99.8070061863188,
    "p95_time": 0.10509069000036106,
    "p99_time": 0.13711128700510017
  }
}