{
  "params": {
    "dataset": "glove-25-angular",
    "experiment": "qdrant-m-32-ef-256",
    "engine": "qdrant",
    "parallel": 1,
    "config": {
      "hnsw_ef": 512
    }
  },
  "results": {
    "total_time": 119.8842465159978,
    "mean_time": 0.011825222496434435,
    "mean_precisions": 0.9999969999999999,
    "std_time": 0.0038214579070258766,
    "min_time": 0.006188302002556156,
    "max_time": 0.060206340000149794,
    "rps": 83.41379531184327,
    "p95_time": 0.014654532155691413,
    "p99_time": 0.0156428398173739
  }
}