{
  "params": {
    "dataset": "glove-25-angular",
    "experiment": "qdrant-m-32-ef-256",
    "engine": "qdrant",
    "parallel": 100,
    "config": {
      "hnsw_ef": 256
    }
  },
  "results": {
    "total_time": 40.01640698599658,
    "mean_time": 0.39553939879482497,
    "mean_precisions": 0.9999969999999999,
    "std_time": 0.02837857668985214,
    "min_time": 0.03348126899800263,
    "max_time": 0.518251743997098,
    "rps": 249.89749838108702,
    "p95_time": 0.42991982514759003,
    "p99_time": 0.44370755952812035
  }
}