{
  "params": {
    "dataset": "glove-25-angular",
    "experiment": "qdrant-m-32-ef-256",
    "engine": "qdrant",
    "parallel": 100,
    "config": {
      "hnsw_ef": 64
    }
  },
  "results": {
    "total_time": 38.558305377999204,
    "mean_time": 0.37975331438735305,
    "mean_precisions": 0.9999950000000001,
    "std_time": 0.026024810760586253,
    "min_time": 0.03178260899585439,
    "max_time": 0.49215884399745846,
    "rps": 259.34749730225053,
    "p95_time": 0.4091113606493309,
    "p99_time": 0.42820433188688184
  }
}