{
  "params": {
    "dataset": "glove-25-angular",
    "experiment": "qdrant-m-32-ef-256",
    "engine": "qdrant",
    "parallel": 100,
    "config": {
      "hnsw_ef": 512
    }
  },
  "results": {
    "total_time": 39.873744834003446,
    "mean_time": 0.3940174962106059,
    "mean_precisions": 0.9999969999999999,
    "std_time": 0.029212949970596716,
    "min_time": 0.036529038996377494,
    "max_time": 0.5220666840032209,
    "rps": 250.7915933562433,
    "p95_time": 0.43149947675410655,
    "p99_time": 0.45336168967442064
  }
}