{
  "params": {
    "dataset": "laion-small-clip",
    "experiment": "qdrant-m-32-ef-256",
    "engine": "qdrant",
    "parallel": 100,
    "config": {
      "hnsw_ef": 64
    }
  },
  "results": {
    "total_time": 7.081062680001196,
    "mean_time": 0.13339197298246144,
    "mean_precisions": 0.9890199999999999,
    "std_time": 0.017597394860508268,
    "min_time": 0.019128828003886156,
    "max_time": 0.18625693100329954,
    "rps": 706.108705141296,
    "p95_time": 0.1536576907532435,
    "p99_time": 0.16580454844552162
  }
}