{
  "params": {
    "dataset": "laion-small-clip",
    "experiment": "qdrant-m-32-ef-256",
    "engine": "qdrant",
    "parallel": 1,
    "config": {
      "hnsw_ef": 256
    }
  },
  "results": {
    "total_time": 48.68556763500237,
    "mean_time": 0.009354549403587589,
    "mean_precisions": 0.9926,
    "std_time": 0.0037119880686064853,
    "min_time": 0.0030276380057330243,
    "max_time": 0.057007553994480986,
    "rps": 102.69983986805285,
    "p95_time": 0.012499570550789941,
    "p99_time": 0.013579052788481937
  }
}