{
  "params": {
    "dataset": "laion-small-clip",
    "experiment": "qdrant-m-32-ef-256",
    "engine": "qdrant",
    "parallel": 1,
    "config": {
      "hnsw_ef": 512
    }
  },
  "results": {
    "total_time": 55.93970521900337,
    "mean_time": 0.010809001247602283,
    "mean_precisions": 0.9930200000000001,
    "std_time": 0.003933174857189605,
    "min_time": 0.0032391489949077368,
    "max_time": 0.059806213997944724,
    "rps": 89.3819511637584,
    "p95_time": 0.015108077153854538,
    "p99_time": 0.016764718221529622
  }
}