{
  "params": {
    "dataset": "laion-small-clip",
    "experiment": "qdrant-m-32-ef-256",
    "engine": "qdrant",
    "parallel": 1,
    "config": {
      "hnsw_ef": 64
    }
  },
  "results": {
    "total_time": 40.60253365799872,
    "mean_time": 0.007742015462603013,
    "mean_precisions": 0.9890199999999999,
    "std_time": 0.003048967930102161,
    "min_time": 0.0033573160035302863,
    "max_time": 0.05316206499992404,
    "rps": 123.14502444886213,
    "p95_time": 0.011175222494057382,
    "p99_time": 0.012638706621364692
  }
}