{
  "params": {
    "dataset": "glove-25-angular",
    "experiment": "qdrant-m-16-ef-128",
    "engine": "qdrant",
    "parallel": 1,
    "config": {
      "hnsw_ef": 128
    }
  },
  "results": {
    "total_time": 121.06293241400272,
    "mean_time": 0.011942142233038612,
    "mean_precisions": 0.9999950000000001,
    "std_time": 0.003636801442920061,
    "min_time": 0.005936353998549748,
    "max_time": 0.059035976002633106,
    "rps": 82.60166675793616,
    "p95_time": 0.014571200446880539,
    "p99_time": 0.015443109609113891
  }
}