{
  "params": {
    "dataset": "glove-25-angular",
    "experiment": "qdrant-m-16-ef-128",
    "engine": "qdrant",
    "parallel": 1,
    "config": {
      "hnsw_ef": 256
    }
  },
  "results": {
    "total_time": 121.84004727700085,
    "mean_time": 0.012019931246561463,
    "mean_precisions": 0.9999950000000001,
    "std_time": 0.0037009655353579174,
    "min_time": 0.006142377002106514,
    "max_time": 0.05818254100449849,
    "rps": 82.07482041816026,
    "p95_time": 0.014686570402045615,
    "p99_time": 0.015568683925885129
  }
}