{
  "params": {
    "dataset": "glove-25-angular",
    "experiment": "qdrant-m-16-ef-128",
    "engine": "qdrant",
    "parallel": 100,
    "config": {
      "hnsw_ef": 512
    }
  },
  "results": {
    "total_time": 41.33689199299988,
    "mean_time": 0.4085344854510855,
    "mean_precisions": 0.9999950000000001,
    "std_time": 0.03503467449219179,
    "min_time": 0.03154228100174805,
    "max_time": 0.531675971004006,
    "rps": 241.91465584043985,
    "p95_time": 0.46128870899519814,
    "p99_time": 0.49543940550538534
  }
}