{
  "params": {
    "dataset": "gist-960-angular",
    "experiment": "milvus-m-64-ef-256",
    "engine": "milvus",
    "parallel": 100,
    "config": {
      "ef": 256
    }
  },
  "results": {
    "total_time": 5.608606200010399,
    "mean_time": 0.04339487770022242,
    "mean_precisions": 0.0024899999999999996,
    "std_time": 0.00958340075690998,
    "min_time": 0.02068889999645762,
    "max_time": 0.11895219999132678,
    "rps": 178.2974172795633,
    "p95_time": 0.061450470001727805,
    "p99_time": 0.07595642699991004
  }
}