{
  "params": {
    "dataset": "gist-960-angular",
    "experiment": "milvus-m-64-ef-256",
    "engine": "milvus",
    "parallel": 100,
    "config": {
      "ef": 512
    }
  },
  "results": {
    "total_time": 12.336375099999714,
    "mean_time": 0.0971716851003439,
    "mean_precisions": 0.00249,
    "std_time": 0.01694370329027071,
    "min_time": 0.0312300000077812,
    "max_time": 0.22861350000312086,
    "rps": 81.06108900660966,
    "p95_time": 0.12357444500084966,
    "p99_time": 0.15587884899083287
  }
}