{
  "params": {
    "dataset": "gist-960-angular",
    "experiment": "milvus-m-64-ef-256",
    "engine": "milvus",
    "parallel": 1,
    "config": {
      "ef": 512
    }
  },
  "results": {
    "total_time": 19.289382800008752,
    "mean_time": 0.019079016500007127,
    "mean_precisions": 0.00249,
    "std_time": 0.0026078989056548332,
    "min_time": 0.015446600009454414,
    "max_time": 0.04216620000079274,
    "rps": 51.8419905067956,
    "p95_time": 0.023923240009753495,
    "p99_time": 0.03045128400510293
  }
}