{
  "params": {
    "dataset": "gist-960-angular",
    "experiment": "milvus-m-64-ef-256",
    "engine": "milvus",
    "parallel": 1,
    "config": {
      "ef": 256
    }
  },
  "results": {
    "total_time": 10.607824200007599,
    "mean_time": 0.010429406000082964,
    "mean_precisions": 0.00249,
    "std_time": 0.0013419086724343493,
    "min_time": 0.008360699997865595,
    "max_time": 0.030315299998619594,
    "rps": 94.27003890197234,
    "p95_time": 0.012670950004394395,
    "p99_time": 0.014742974997789132
  }
}