{
  "params": {
    "dataset": "random-match-keyword-100-angular-filters",
    "experiment": "qdrant-m-64-ef-512",
    "engine": "qdrant",
    "parallel": 1,
    "config": {
      "hnsw_ef": 512
    }
  },
  "results": {
    "total_time": 41.12970237300033,
    "mean_time": 0.003946223833799741,
    "mean_precisions": 1.0,
    "std_time": 0.0023209829808326847,
    "min_time": 0.001046206998580601,
    "max_time": 0.05314573900250252,
    "rps": 243.13329353349562,
    "p95_time": 0.005880442650959593,
    "p99_time": 0.006581097594826134
  }
}