{
  "params": {
    "dataset": "random-match-keyword-100-angular-filters",
    "experiment": "qdrant-m-64-ef-512",
    "engine": "qdrant",
    "parallel": 1,
    "config": {
      "hnsw_ef": 64
    }
  },
  "results": {
    "total_time": 40.94993205100036,
    "mean_time": 0.003930679370153666,
    "mean_precisions": 1.0,
    "std_time": 0.002183237293483903,
    "min_time": 0.0010409969981992617,
    "max_time": 0.05275088199414313,
    "rps": 244.20064940634526,
    "p95_time": 0.005934897005136008,
    "p99_time": 0.006977684137600591
  }
}