{
  "params": {
    "dataset": "random-match-keyword-100-angular-filters",
    "experiment": "qdrant-m-64-ef-512",
    "engine": "qdrant",
    "parallel": 100,
    "config": {
      "hnsw_ef": 256
    }
  },
  "results": {
    "total_time": 4.623040107995621,
    "mean_time": 0.03626091378293131,
    "mean_precisions": 1.0,
    "std_time": 0.012555037398670645,
    "min_time": 0.0025175470000249334,
    "max_time": 0.12498667199542979,
    "rps": 2163.078789367378,
    "p95_time": 0.05356059310033742,
    "p99_time": 0.07095524314579962
  }
}