{
  "params": {
    "dataset": "random-match-keyword-100-angular-filters",
    "experiment": "qdrant-m-64-ef-512",
    "engine": "qdrant",
    "parallel": 1,
    "config": {
      "hnsw_ef": 128
    }
  },
  "results": {
    "total_time": 41.11184901500383,
    "mean_time": 0.003943895970367884,
    "mean_precisions": 1.0,
    "std_time": 0.002227583548280743,
    "min_time": 0.0009972990010282956,
    "max_time": 0.052506257001368795,
    "rps": 243.2388773453241,
    "p95_time": 0.005878890203894116,
    "p99_time": 0.00655629987406428
  }
}