{
  "params": {
    "dataset": "laion-small-clip",
    "experiment": "qdrant-m-16-ef-128",
    "engine": "qdrant",
    "parallel": 100,
    "config": {
      "hnsw_ef": 64
    }
  },
  "results": {
    "total_time": 7.790020321997872,
    "mean_time": 0.14692155910897273,
    "mean_precisions": 0.9930199999999999,
    "std_time": 0.025915476313974003,
    "min_time": 0.04948403899470577,
    "max_time": 0.44235162399854744,
    "rps": 641.8468493439915,
    "p95_time": 0.17264416089819862,
    "p99_time": 0.2813169281287995
  }
}