{
  "params": {
    "dataset": "laion-small-clip",
    "experiment": "qdrant-m-16-ef-128",
    "engine": "qdrant",
    "parallel": 1,
    "config": {
      "hnsw_ef": 512
    }
  },
  "results": {
    "total_time": 58.04415680999955,
    "mean_time": 0.011208575230340648,
    "mean_precisions": 0.99772,
    "std_time": 0.0038151453720379675,
    "min_time": 0.0032288810034515336,
    "max_time": 0.060610418004216626,
    "rps": 86.14131507443356,
    "p95_time": 0.01557178259972716,
    "p99_time": 0.017065960010659183
  }
}