{
  "params": {
    "dataset": "laion-small-clip",
    "experiment": "qdrant-m-16-ef-128",
    "engine": "qdrant",
    "parallel": 100,
    "config": {
      "hnsw_ef": 128
    }
  },
  "results": {
    "total_time": 8.226493214002403,
    "mean_time": 0.15631949281936833,
    "mean_precisions": 0.9959399999999999,
    "std_time": 0.0195913641280233,
    "min_time": 0.01889559400297003,
    "max_time": 0.21094994099985342,
    "rps": 607.7923934209836,
    "p95_time": 0.17804705250309782,
    "p99_time": 0.18912790179456354
  }
}