{
  "params": {
    "dataset": "gist-960-angular",
    "experiment": "milvus-m-32-ef-256",
    "engine": "milvus",
    "parallel": 1,
    "config": {
      "ef": 512
    }
  },
  "results": {
    "total_time": 16.202494099998148,
    "mean_time": 0.015968632800089835,
    "mean_precisions": 0.0024500000000000004,
    "std_time": 0.0017036867244348908,
    "min_time": 0.013068400003248826,
    "max_time": 0.03590709999843966,
    "rps": 61.71889301907626,
    "p95_time": 0.018694769999274285,
    "p99_time": 0.021892962001584238
  }
}