{
  "params": {
    "dataset": "gist-960-angular",
    "experiment": "milvus-m-32-ef-256",
    "engine": "milvus",
    "parallel": 100,
    "config": {
      "ef": 128
    }
  },
  "results": {
    "total_time": 4.6032325999985915,
    "mean_time": 0.02630022229997121,
    "mean_precisions": 0.0024100000000000002,
    "std_time": 0.007981963633779574,
    "min_time": 0.013311299997440074,
    "max_time": 0.09210539999912726,
    "rps": 217.23864225333867,
    "p95_time": 0.039531850003186264,
    "p99_time": 0.05615781400279956
  }
}