{
  "params": {
    "dataset": "gist-960-angular",
    "experiment": "milvus-m-32-ef-256",
    "engine": "milvus",
    "parallel": 100,
    "config": {
      "ef": 512
    }
  },
  "results": {
    "total_time": 8.679438400002255,
    "mean_time": 0.06776094919991738,
    "mean_precisions": 0.0024500000000000004,
    "std_time": 0.011202489158732157,
    "min_time": 0.03433760000189068,
    "max_time": 0.16051169999991544,
    "rps": 115.21482772430763,
    "p95_time": 0.08647967500110097,
    "p99_time": 0.1054287709970231
  }
}