{
  "params": {
    "dataset": "gist-960-angular",
    "experiment": "milvus-m-32-ef-256",
    "engine": "milvus",
    "parallel": 100,
    "config": {
      "ef": 256
    }
  },
  "results": {
    "total_time": 4.100368899999012,
    "mean_time": 0.03110583100000804,
    "mean_precisions": 0.00243,
    "std_time": 0.007552345877180648,
    "min_time": 0.01522100000147475,
    "max_time": 0.07890469999983907,
    "rps": 243.88049572813827,
    "p95_time": 0.04586543499863181,
    "p99_time": 0.054814708002668334
  }
}