{
  "params": {
    "dataset": "random-100-euclidean",
    "experiment": "qdrant-m-16-ef-128",
    "engine": "qdrant",
    "parallel": 1,
    "config": {
      "hnsw_ef": 512
    }
  },
  "results": {
    "total_time": 0.01517424700000447,
    "mean_time": 0.0013745672000368358,
    "mean_precisions": 1.0,
    "std_time": 0.0006598292640598997,
    "min_time": 0.0009310129998993943,
    "max_time": 0.003301585000144769,
    "rps": 659.0112840523193,
    "p95_time": 0.0024731183501103243,
    "p99_time": 0.0031358916701378805
  }
}