{
  "params": {
    "dataset": "random-100-euclidean",
    "experiment": "qdrant-m-16-ef-128",
    "engine": "qdrant",
    "parallel": 1,
    "config": {
      "hnsw_ef": 64
    }
  },
  "results": {
    "total_time": 0.017772160000049553,
    "mean_time": 0.0015901121000069906,
    "mean_precisions": 1.0,
    "std_time": 0.0014763938256788652,
    "min_time": 0.0008932050000112213,
    "max_time": 0.005996280000090337,
    "rps": 562.6778061851861,
    "p95_time": 0.003899260650064202,
    "p99_time": 0.005576876130085112
  }
}