{
  "params": {
    "dataset": "random-100-euclidean",
    "experiment": "qdrant-m-16-ef-128",
    "engine": "qdrant",
    "parallel": 100,
    "config": {
      "hnsw_ef": 512
    }
  },
  "results": {
    "total_time": 0.10051807600007123,
    "mean_time": 0.010762027800024044,
    "mean_precisions": 1.0,
    "std_time": 0.0014027799823890538,
    "min_time": 0.008609289000105491,
    "max_time": 0.01331457300011607,
    "rps": 99.4845941937141,
    "p95_time": 0.012909213450029709,
    "p99_time": 0.013233501090098798
  }
}