{
  "params": {
    "dataset": "random-100-euclidean",
    "experiment": "qdrant-m-16-ef-128",
    "engine": "qdrant",
    "parallel": 1,
    "config": {
      "hnsw_ef": 128
    }
  },
  "results": {
    "total_time": 0.01283191400011674,
    "mean_time": 0.0011482682999712779,
    "mean_precisions": 1.0,
    "std_time": 0.0006028890699499032,
    "min_time": 0.0007813540000825014,
    "max_time": 0.0028762990000359423,
    "rps": 779.3069685402368,
    "p95_time": 0.0022209540999483563,
    "p99_time": 0.0027452300200184257
  }
}