{
  "params": {
    "dataset": "random-100-euclidean",
    "experiment": "qdrant-m-16-ef-128",
    "engine": "qdrant",
    "parallel": 100,
    "config": {
      "hnsw_ef": 256
    }
  },
  "results": {
    "total_time": 0.10300315700010287,
    "mean_time": 0.01475755700002992,
    "mean_precisions": 1.0,
    "std_time": 0.0017806607712956427,
    "min_time": 0.011550809000027584,
    "max_time": 0.01797303200009992,
    "rps": 97.08440295660077,
    "p95_time": 0.017222701100070025,
    "p99_time": 0.01782296582009394
  }
}