{
  "params": {
    "dataset": "gist-960-angular",
    "experiment": "qdrant-m-32-ef-128",
    "engine": "qdrant",
    "parallel": 1,
    "config": {
      "hnsw_ef": 512
    }
  },
  "results": {
    "total_time": 90.14971519999995,
    "mean_time": 0.0898469663000019,
    "mean_precisions": 0.00248,
    "std_time": 0.007005864791330439,
    "min_time": 0.0827171000000817,
    "max_time": 0.16853789999981927,
    "rps": 11.092658449130637,
    "p95_time": 0.10244047999989334,
    "p99_time": 0.11762792500001523
  }
}