{
  "params": {
    "dataset": "gist-960-angular",
    "experiment": "qdrant-m-32-ef-128",
    "engine": "qdrant",
    "parallel": 1,
    "config": {
      "hnsw_ef": 128
    }
  },
  "results": {
    "total_time": 84.24518379999995,
    "mean_time": 0.08397216319999848,
    "mean_precisions": 0.0024699999999999995,
    "std_time": 0.0034070950415689577,
    "min_time": 0.08122099999991406,
    "max_time": 0.14853649999986374,
    "rps": 11.870114763759357,
    "p95_time": 0.087592874999973,
    "p99_time": 0.09550797299991927
  }
}