{
  "params": {
    "dataset": "gist-960-angular",
    "experiment": "qdrant-m-32-ef-128",
    "engine": "qdrant",
    "parallel": 100,
    "config": {
      "hnsw_ef": 256
    }
  },
  "results": {
    "total_time": 80.60481170000003,
    "mean_time": 0.6418216687000031,
    "mean_precisions": 0.00248,
    "std_time": 0.033287310734376685,
    "min_time": 0.1479971999999634,
    "max_time": 0.7433315000000675,
    "rps": 12.40620725871629,
    "p95_time": 0.6846055950000277,
    "p99_time": 0.7174841020000418
  }
}