{
  "params": {
    "dataset": "gist-960-angular",
    "experiment": "qdrant-m-32-ef-128",
    "engine": "qdrant",
    "parallel": 100,
    "config": {
      "hnsw_ef": 512
    }
  },
  "results": {
    "total_time": 80.71428030000015,
    "mean_time": 0.642591212499995,
    "mean_precisions": 0.00248,
    "std_time": 0.03520037279318353,
    "min_time": 0.12829949999991186,
    "max_time": 0.7642985000002227,
    "rps": 12.389381362048743,
    "p95_time": 0.6852840649998825,
    "p99_time": 0.7107966819999137
  }
}