{
  "params": {
    "dataset": "gist-960-angular",
    "experiment": "qdrant-m-32-ef-128",
    "engine": "qdrant",
    "parallel": 1,
    "config": {
      "hnsw_ef": 64
    }
  },
  "results": {
    "total_time": 83.96683159999998,
    "mean_time": 0.08349476980000305,
    "mean_precisions": 0.0024500000000000004,
    "std_time": 0.006662764006051648,
    "min_time": 0.07970759999989241,
    "max_time": 0.28485219999993205,
    "rps": 11.909464498598519,
    "p95_time": 0.08680665999999064,
    "p99_time": 0.09016169700000091
  }
}