{
  "params": {
    "dataset": "random-match-keyword-100-angular-filters",
    "experiment": "qdrant-m-64-ef-256",
    "engine": "qdrant",
    "parallel": 1,
    "config": {
      "hnsw_ef": 64
    }
  },
  "results": {
    "total_time": 44.36901916599891,
    "mean_time": 0.0042617699186608664,
    "mean_precisions": 1.0,
    "std_time": 0.0024123532162677224,
    "min_time": 0.0011147519981022924,
    "max_time": 0.05298270800267346,
    "rps": 225.38248958325522,
    "p95_time": 0.006545290899157408,
    "p99_time": 0.007493752259979374
  }
}