{
  "params": {
    "dataset": "random-match-keyword-100-angular-filters",
    "experiment": "qdrant-m-64-ef-256",
    "engine": "qdrant",
    "parallel": 100,
    "config": {
      "hnsw_ef": 256
    }
  },
  "results": {
    "total_time": 4.7119302279970725,
    "mean_time": 0.03558986311102053,
    "mean_precisions": 1.0,
    "std_time": 0.013143262604824527,
    "min_time": 0.0022226029977900907,
    "max_time": 0.11331721700116759,
    "rps": 2122.2725117155987,
    "p95_time": 0.05496486854972318,
    "p99_time": 0.06720649486320326
  }
}