{
  "params": {
    "dataset": "random-match-keyword-100-angular-filters",
    "experiment": "qdrant-m-32-ef-512",
    "engine": "qdrant",
    "parallel": 100,
    "config": {
      "hnsw_ef": 128
    }
  },
  "results": {
    "total_time": 4.457540520998009,
    "mean_time": 0.034648314124561874,
    "mean_precisions": 1.0,
    "std_time": 0.01120306344075927,
    "min_time": 0.003745613998034969,
    "max_time": 0.0884064749989193,
    "rps": 2243.3895895939218,
    "p95_time": 0.05166938559887057,
    "p99_time": 0.06107908805126502
  }
}