{
  "params": {
    "dataset": "random-match-keyword-100-angular-filters",
    "experiment": "qdrant-m-32-ef-512",
    "engine": "qdrant",
    "parallel": 100,
    "config": {
      "hnsw_ef": 512
    }
  },
  "results": {
    "total_time": 4.577261515005375,
    "mean_time": 0.036446382552792055,
    "mean_precisions": 1.0,
    "std_time": 0.011658568381467137,
    "min_time": 0.00240179400134366,
    "max_time": 0.10674736199871404,
    "rps": 2184.7124022120147,
    "p95_time": 0.05389136124904324,
    "p99_time": 0.0635940072698577
  }
}