{
  "params": {
    "dataset": "random-match-keyword-100-angular-filters",
    "experiment": "qdrant-m-32-ef-512",
    "engine": "qdrant",
    "parallel": 1,
    "config": {
      "hnsw_ef": 512
    }
  },
  "results": {
    "total_time": 40.75187351999921,
    "mean_time": 0.003908481359446887,
    "mean_precisions": 1.0,
    "std_time": 0.0020365688870448016,
    "min_time": 0.001070216007065028,
    "max_time": 0.05313879100140184,
    "rps": 245.38749108289326,
    "p95_time": 0.005947404949984047,
    "p99_time": 0.006529941439439426
  }
}