{
  "params": {
    "dataset": "random-match-keyword-100-angular-filters",
    "experiment": "qdrant-m-32-ef-512",
    "engine": "qdrant",
    "parallel": 100,
    "config": {
      "hnsw_ef": 64
    }
  },
  "results": {
    "total_time": 4.486998967004183,
    "mean_time": 0.0331176246909803,
    "mean_precisions": 1.0,
    "std_time": 0.012170570975030574,
    "min_time": 0.0028859550002380274,
    "max_time": 0.10955570000078296,
    "rps": 2228.661088076127,
    "p95_time": 0.052289710849072434,
    "p99_time": 0.06345963159517852
  }
}