{
  "params": {
    "dataset": "gist-960-angular",
    "experiment": "qdrant-m-64-ef-512",
    "engine": "qdrant",
    "parallel": 100,
    "config": {
      "hnsw_ef": 64
    }
  },
  "results": {
    "total_time": 83.0242045,
    "mean_time": 0.6611511990999975,
    "mean_precisions": 0.00243,
    "std_time": 0.03434450969223578,
    "min_time": 0.24083229999996547,
    "max_time": 0.7476308000000245,
    "rps": 12.044680295611867,
    "p95_time": 0.703425490000052,
    "p99_time": 0.7297154400000159
  }
}