{
  "params": {
    "dataset": "gist-960-angular",
    "experiment": "qdrant-m-64-ef-512",
    "engine": "qdrant",
    "parallel": 1,
    "config": {
      "hnsw_ef": 512
    }
  },
  "results": {
    "total_time": 90.15100759999996,
    "mean_time": 0.08987014079999972,
    "mean_precisions": 0.00242,
    "std_time": 0.009655850582938283,
    "min_time": 0.08082979999994677,
    "max_time": 0.17190849999997226,
    "rps": 11.092499425375257,
    "p95_time": 0.10360171500004753,
    "p99_time": 0.13199102600010973
  }
}