{
  "params": {
    "dataset": "gist-960-angular",
    "experiment": "qdrant-m-64-ef-512",
    "engine": "qdrant",
    "parallel": 100,
    "config": {
      "hnsw_ef": 256
    }
  },
  "results": {
    "total_time": 82.24919399999999,
    "mean_time": 0.6550202096999983,
    "mean_precisions": 0.00243,
    "std_time": 0.04300503842165726,
    "min_time": 0.13562529999990147,
    "max_time": 0.7871341999998549,
    "rps": 12.158173853958983,
    "p95_time": 0.7141321949999792,
    "p99_time": 0.745407148000088
  }
}