{
  "params": {
    "dataset": "gist-960-angular",
    "experiment": "milvus-m-64-ef-512",
    "engine": "milvus",
    "parallel": 100,
    "config": {
      "ef": 256
    }
  },
  "results": {
    "total_time": 7.719242400000439,
    "mean_time": 0.06030653769998935,
    "mean_precisions": 0.0024699999999999995,
    "std_time": 0.014997986849524013,
    "min_time": 0.02046020000034332,
    "max_time": 0.14233969999986584,
    "rps": 129.5463917547068,
    "p95_time": 0.08884315999998763,
    "p99_time": 0.10679208899969123
  }
}