{
  "params": {
    "dataset": "gist-960-angular",
    "experiment": "milvus-m-64-ef-512",
    "engine": "milvus",
    "parallel": 1,
    "config": {
      "ef": 128
    }
  },
  "results": {
    "total_time": 16.603380799999286,
    "mean_time": 0.01626293129998521,
    "mean_precisions": 0.0024699999999999995,
    "std_time": 0.03762939372737417,
    "min_time": 0.009125200000198674,
    "max_time": 0.8801133000006303,
    "rps": 60.22869751924518,
    "p95_time": 0.01981488999954308,
    "p99_time": 0.1240628140002989
  }
}