{
  "params": {
    "dataset": "laion-small-clip",
    "experiment": "qdrant-m-32-ef-512",
    "engine": "qdrant",
    "parallel": 1,
    "config": {
      "hnsw_ef": 256
    }
  },
  "results": {
    "total_time": 48.341903339001874,
    "mean_time": 0.009292986881145044,
    "mean_precisions": 0.9965599999999999,
    "std_time": 0.0034385039589442186,
    "min_time": 0.0030374300040421076,
    "max_time": 0.05797540299681714,
    "rps": 103.42993665220538,
    "p95_time": 0.01254087274755875,
    "p99_time": 0.013670013998271318
  }
}