{
  "params": {
    "dataset": "random-match-keyword-100-angular-filters",
    "experiment": "qdrant-m-32-ef-256",
    "engine": "qdrant",
    "parallel": 1,
    "config": {
      "hnsw_ef": 512
    }
  },
  "results": {
    "total_time": 40.134975687993574,
    "mean_time": 0.00384724381544147,
    "mean_precisions": 1.0,
    "std_time": 0.0020718168723050183,
    "min_time": 0.0010180739991483279,
    "max_time": 0.05173725299391663,
    "rps": 249.15923900737562,
    "p95_time": 0.00574706140323542,
    "p99_time": 0.006453708186600127
  }
}