{
  "params": {
    "dataset": "glove-25-angular",
    "experiment": "qdrant-m-64-ef-256",
    "engine": "qdrant",
    "parallel": 100,
    "config": {
      "hnsw_ef": 256
    }
  },
  "results": {
    "total_time": 40.0956776239982,
    "mean_time": 0.3965952331376131,
    "mean_precisions": 0.9999979999999999,
    "std_time": 0.028246086006985374,
    "min_time": 0.026881547993980348,
    "max_time": 0.5017831459990703,
    "rps": 249.40344178183352,
    "p95_time": 0.4320505533996766,
    "p99_time": 0.4648525027623692
  }
}