{
  "params": {
    "dataset": "glove-25-angular",
    "experiment": "qdrant-m-64-ef-256",
    "engine": "qdrant",
    "parallel": 1,
    "config": {
      "hnsw_ef": 128
    }
  },
  "results": {
    "total_time": 119.88835097999981,
    "mean_time": 0.011825471332422604,
    "mean_precisions": 0.9999979999999999,
    "std_time": 0.0037359545283325813,
    "min_time": 0.0061213509980007075,
    "max_time": 0.05974151400005212,
    "rps": 83.41093958051216,
    "p95_time": 0.014646931497918557,
    "p99_time": 0.015447959808589077
  }
}